,High,Low,Open,Close,Volume,Adj Close,FOE,WTI,DEXBZUS,GarchAnnualized
2017-07-05,29.850000381469727,28.719999313354492,29.6299991607666,28.93000030517578,6447900.0,27.509780883789062,18.200000762939453,1.9299999475479126,3.3162,30.377819181788713
2017-07-06,28.979999542236328,28.440000534057617,28.84000015258789,28.920000076293945,4847500.0,27.50027084350586,17.860000610351562,1.8899999856948853,3.3048,30.377819181788713
2017-07-07,29.3799991607666,28.43000030517578,29.1200008392334,28.889999389648438,4652000.0,27.471742630004883,18.260000228881836,1.8600000143051147,3.2843,30.473636284130592
2017-07-10,29.75,28.6200008392334,28.899999618530273,29.709999084472656,5053400.0,28.251489639282227,18.389999389648438,1.909999966621399,3.2627,30.55042928635429
2017-07-11,30.09000015258789,29.639999389648438,29.829999923706055,30.040000915527344,4949900.0,28.565290451049805,18.520000457763672,1.9600000381469727,3.2505,30.612010290514835
2017-07-12,30.290000915527344,29.469999313354492,30.200000762939453,29.899999618530273,8527700.0,28.432159423828125,18.809999465942383,1.9600000381469727,3.2258,30.66141498168093
2017-07-13,30.239999771118164,29.020000457763672,30.110000610351562,29.18000030517578,7776800.0,27.74750518798828,18.729999542236328,1.9299999475479126,3.2133,30.70106525849722
2017-07-14,29.709999084472656,29.299999237060547,29.450000762939453,29.520000457763672,3751600.0,28.070816040039062,18.8700008392334,1.9800000190734863,3.1832,30.732896193036748
2017-07-17,30.270000457763672,29.639999389648438,29.850000381469727,29.719999313354492,4661400.0,28.260995864868164,18.920000076293945,2.0,3.181,30.758455710498872
2017-07-18,30.040000915527344,29.520000457763672,29.899999618530273,29.899999618530273,4000600.0,28.432159423828125,18.8799991607666,1.9600000381469727,3.1571,30.77898321024558
2017-07-19,30.170000076293945,29.729999542236328,30.010000228881836,29.899999618530273,4403100.0,28.432159423828125,18.920000076293945,2.049999952316284,3.1526,30.795471806274268
2017-07-20,29.829999923706055,28.649999618530273,29.829999923706055,28.719999313354492,5930800.0,27.310089111328125,18.790000915527344,2.0399999618530273,3.1374,30.8087177463963
2017-07-21,29.040000915527344,28.31999969482422,28.700000762939453,28.5,5482100.0,27.100889205932617,18.670000076293945,1.9500000476837158,3.1218,30.81935974499547
2017-07-24,29.15999984741211,28.5,28.6200008392334,29.1299991607666,4207500.0,27.699960708618164,18.510000228881836,1.909999966621399,3.1473,30.827910348120405
2017-07-25,30.649999618530273,29.559999465942383,29.559999465942383,30.610000610351562,11658200.0,29.1073055267334,18.809999465942383,1.9900000095367432,3.1617,30.834780983544007
2017-07-26,30.899999618530273,29.649999618530273,30.899999618530273,29.65999984741211,10680100.0,28.203943252563477,18.8799991607666,2.0,3.1596,30.84030199208751
2017-07-27,30.209999084472656,29.270000457763672,29.65999984741211,29.700000762939453,5584000.0,28.241979598999023,18.799999237060547,1.9500000476837158,3.1527,30.844738661686144
2017-07-28,30.350000381469727,29.329999923706055,29.530000686645508,30.34000015258789,5155700.0,28.850561141967773,19.030000686645508,1.9900000095367432,3.1424,30.84830407214448
2017-07-31,31.520000457763672,31.040000915527344,31.5,31.299999237060547,6300800.0,29.763431549072266,19.239999771118164,1.9600000381469727,3.1338,30.851169391596
2017-08-01,31.25,30.700000762939453,31.25,31.059999465942383,4329100.0,29.535215377807617,19.34000015258789,1.9299999475479126,3.1143,30.85347213450525
2017-08-02,31.270000457763672,30.540000915527344,30.700000762939453,31.110000610351562,6171300.0,29.582759857177734,19.65999984741211,1.9299999475479126,3.1165,30.85532278753823
2017-08-03,31.229999542236328,30.639999389648438,31.139999389648438,30.68000030517578,5056500.0,29.173870086669922,19.290000915527344,1.9199999570846558,3.1209,30.8568101276593
2017-08-04,31.489999771118164,30.739999771118164,30.959999084472656,31.229999542236328,4577600.0,29.696868896484375,19.559999465942383,2.059999942779541,3.1176,30.858005491723638
2017-08-07,32.43000030517578,31.59000015258789,31.600000381469727,32.41999816894531,7800300.0,30.828449249267578,19.3700008392334,2.0,3.1247,30.858966205027503
2017-08-08,32.619998931884766,31.559999465942383,32.09000015258789,32.04999923706055,9706400.0,30.476613998413086,19.200000762939453,1.9700000286102295,3.1295,30.859738334966927
2017-08-09,32.25,31.700000762939453,32.0,31.920000076293945,7870700.0,30.352994918823242,19.030000686645508,1.9900000095367432,3.1498,30.860358902962663
2017-08-10,32.029998779296875,31.389999389648438,31.790000915527344,31.5,7393600.0,29.953615188598633,18.670000076293945,1.940000057220459,3.1518,30.860857661427453
2017-08-11,31.270000457763672,30.559999465942383,31.270000457763672,30.799999237060547,13613400.0,29.287979125976562,18.760000228881836,1.9700000286102295,3.1639,30.861258521435516
2017-08-14,31.469999313354492,30.540000915527344,30.780000686645508,31.299999237060547,16902200.0,29.763431549072266,19.020000457763672,1.9199999570846558,3.176,30.861580699838797
2017-08-15,31.450000762939453,30.690000534057617,31.299999237060547,31.1200008392334,17847800.0,29.592269897460938,18.84000015258789,1.9199999570846558,3.1942,30.86183964101558
2017-08-16,32.06999969482422,31.31999969482422,31.399999618530273,31.729999542236328,26011500.0,30.17232322692871,18.969999313354492,1.8899999856948853,3.1635,30.862047757563012
2017-08-17,32.040000915527344,31.110000610351562,31.889999389648438,31.200000762939453,14095900.0,29.66834259033203,18.6299991607666,1.840000033378601,3.1585,30.86221502552009
2017-08-18,32.04999923706055,31.40999984741211,31.799999237060547,31.549999237060547,24390300.0,30.00115966796875,18.760000228881836,1.850000023841858,3.1548,30.86234946270545
2017-08-21,32.2400016784668,31.709999084472656,31.989999771118164,31.75,19990400.0,30.191341400146484,18.81999969482422,1.8600000143051147,3.1436,30.862457513132224
2017-08-22,32.38999938964844,31.709999084472656,32.349998474121094,31.860000610351562,19230300.0,30.295942306518555,19.43000030517578,1.840000033378601,3.1505,30.862544355948042
2017-08-23,32.54999923706055,31.600000381469727,31.739999771118164,32.540000915527344,15451900.0,30.94255828857422,19.260000228881836,1.8600000143051147,3.1521,30.862614153722646
2017-08-24,34.0,32.33000183105469,32.560001373291016,33.880001068115234,20534600.0,32.21677780151367,19.1200008392334,1.899999976158142,3.1428,30.86267025199307
2017-08-25,34.33000183105469,33.41999816894531,34.119998931884766,33.83000183105469,16366000.0,32.16923522949219,19.18000030517578,1.9199999570846558,3.1463,30.86271533963694
2017-08-28,34.4900016784668,33.650001525878906,33.70000076293945,34.36000061035156,15021800.0,32.673213958740234,19.270000457763672,1.8899999856948853,3.1577,30.862751577764577
2017-08-29,34.65999984741211,33.90999984741211,34.0,34.439998626708984,15689600.0,32.74928283691406,19.139999389648438,1.9199999570846558,3.1656,30.862780703310328
2017-08-30,34.709999084472656,34.2400016784668,34.5,34.34000015258789,14021600.0,32.65419387817383,19.15999984741211,1.909999966621399,3.1592,30.86280411228995
2017-08-31,35.18000030517578,34.45000076293945,34.91999816894531,35.08000183105469,56429700.0,33.35786819458008,19.270000457763672,1.909999966621399,3.1454,30.862822926715726
2017-09-01,35.97999954223633,35.2599983215332,35.5,35.66999816894531,22554600.0,33.91889953613281,19.59000015258789,1.9199999570846558,3.1308,30.862838048377174
2017-09-04,36.189998626708984,35.310001373291016,35.380001068115234,36.099998474121094,15002800.0,34.327789306640625,19.59000015258789,1.9199999570846558,3.1308,30.862850202065644
2017-09-05,36.689998626708984,35.18000030517578,36.5,35.599998474121094,24227100.0,33.85233688354492,19.030000686645508,1.9199999570846558,3.123,30.862859970314773
2017-09-06,36.09000015258789,35.470001220703125,35.81999969482422,35.79999923706055,18117700.0,34.042518615722656,19.290000915527344,1.940000057220459,3.1085,30.862867821322137
2017-09-07,35.79999923706055,35.79999923706055,35.79999923706055,35.79999923706055,0.0,34.042518615722656,19.450000762939453,1.940000057220459,3.099,30.86287413139053
2017-09-08,36.11000061035156,34.470001220703125,35.689998626708984,34.47999954223633,23042000.0,32.78731918334961,19.489999771118164,1.899999976158142,3.0942,30.862879202964542
2017-09-11,35.209999084472656,34.72999954223633,34.79999923706055,35.09000015258789,19131800.0,33.367374420166016,20.049999237060547,1.9299999475479126,3.089,30.862883279127004
2017-09-12,35.72999954223633,35.22999954223633,35.369998931884766,35.2599983215332,16114100.0,33.52902603149414,20.5,1.9500000476837158,3.1093,30.862886555250125
2017-09-13,35.130001068115234,34.38999938964844,35.04999923706055,34.77000045776367,21951600.0,33.063087463378906,20.5,2.140000104904175,3.1372,30.862889188359834
2017-09-14,34.099998474121094,33.349998474121094,34.0,33.619998931884766,24324600.0,31.969541549682617,20.65999984741211,2.4800000190734863,3.129,30.862891304662124
2017-09-15,34.13999938964844,33.29999923706055,33.36000061035156,33.79999923706055,34216900.0,32.14070510864258,20.950000762939453,2.4000000953674316,3.1263,30.862893005592188
2017-09-18,34.310001373291016,33.779998779296875,33.810001373291016,34.25,18617700.0,32.5686149597168,20.959999084472656,2.450000047683716,3.1288,30.862894372676237
2017-09-19,33.9900016784668,33.33000183105469,33.79999923706055,33.91999816894531,17106900.0,32.25481414794922,21.209999084472656,2.569999933242798,3.132,30.862895471439124
2017-09-20,34.150001525878906,32.77000045776367,33.880001068115234,33.16999816894531,24175400.0,31.541629791259766,21.280000686645508,2.6500000953674316,3.1198,30.862896354544947
2017-09-21,32.77000045776367,32.15999984741211,32.650001525878906,32.5099983215332,26157600.0,30.91402816772461,21.299999237060547,2.7799999713897705,3.1358,30.862897064321285
2017-09-22,32.380001068115234,31.850000381469727,32.150001525878906,31.90999984741211,16957700.0,30.343486785888672,21.549999237060547,2.8499999046325684,3.1257,30.862897634787977
2017-09-25,32.290000915527344,31.0,31.799999237060547,31.09000015258789,21014300.0,29.563743591308594,21.510000228881836,2.990000009536743,3.1496,30.862898093287686
2017-09-26,31.93000030517578,31.40999984741211,31.469999313354492,31.5,17114500.0,29.953615188598633,21.600000381469727,3.200000047683716,3.1703,30.86289846179647
2017-09-27,32.25,31.030000686645508,31.979999542236328,31.93000030517578,26241300.0,30.362504959106445,21.68000030517578,3.440000057220459,3.1915,30.86289875797707
2017-09-28,31.850000381469727,31.280000686645508,31.510000228881836,31.75,17561400.0,30.191341400146484,22.200000762939453,3.5,3.1865,30.862898996025546
2017-09-29,32.400001525878906,31.610000610351562,32.13999938964844,31.8700008392334,16047100.0,30.305450439453125,22.299999237060547,3.049999952316284,3.164,30.862899187351626
2017-10-02,32.43000030517578,31.8700008392334,32.25,31.899999618530273,13596900.0,30.33397674560547,22.579999923706055,3.2100000381469727,3.1585,30.86289934112564
2017-10-03,32.68000030517578,31.760000228881836,32.09000015258789,32.68000030517578,23474600.0,31.07568359375,22.65999984741211,3.259999990463257,3.1428,30.86289946471803
2017-10-04,33.06999969482422,32.61000061035156,32.880001068115234,32.61000061035156,17562500.0,31.009122848510742,22.549999237060547,3.1700000762939453,3.1237,30.862899564052622
2017-10-05,33.189998626708984,32.2400016784668,33.0,32.27000045776367,17253100.0,30.685815811157227,22.530000686645508,3.25,3.1359,30.862899643890554
2017-10-06,32.150001525878906,31.829999923706055,32.06999969482422,32.13999938964844,12450500.0,30.56219482421875,22.520000457763672,3.059999942779541,3.1566,30.862899708058492
2017-10-09,32.099998474121094,31.260000228881836,32.04999923706055,31.5,13520900.0,29.953615188598633,22.559999465942383,3.069999933242798,3.1566,30.862899759632022
2017-10-10,31.700000762939453,30.940000534057617,31.649999618530273,31.31999969482422,20181500.0,29.78244972229004,22.690000534057617,3.0899999141693115,3.1747,30.86289980108308
2017-10-11,31.489999771118164,30.729999542236328,30.940000534057617,31.100000381469727,23041300.0,29.573251724243164,22.780000686645508,3.069999933242798,3.1649,30.86289983439843
2017-10-12,31.100000381469727,31.100000381469727,31.100000381469727,31.100000381469727,0.0,29.573251724243164,23.059999465942383,3.0299999713897705,3.1699,30.862899861174892
2017-10-13,33.099998474121094,32.0,32.099998474121094,32.90999984741211,31395900.0,31.294395446777344,23.31999969482422,3.0999999046325684,3.1542,30.862899882695867
2017-10-16,33.63999938964844,32.83000183105469,33.380001068115234,33.349998474121094,35861900.0,31.71279525756836,23.5,3.049999952316284,3.1642,30.86289989999287
2017-10-17,33.31999969482422,32.58000183105469,33.11000061035156,32.58000183105469,19842700.0,30.980600357055664,23.600000381469727,3.0,3.1803,30.862899913894942
2017-10-18,32.95000076293945,31.790000915527344,32.7599983215332,32.27000045776367,21210600.0,30.685815811157227,23.610000610351562,3.0999999046325684,3.1777,30.86289992506842
2017-10-19,33.06999969482422,31.709999084472656,31.75,33.0,18549800.0,31.37997817993164,23.350000381469727,3.200000047683716,3.1753,30.862899934048848
2017-10-20,33.779998779296875,32.95000076293945,33.75,32.95000076293945,24301000.0,31.332429885864258,23.690000534057617,3.140000104904175,3.1875,30.86289994126666
2017-10-23,33.20000076293945,32.63999938964844,33.0,32.709999084472656,11948700.0,31.104209899902344,23.56999969482422,2.9800000190734863,3.2122,30.86289994706782
2017-10-24,33.83000183105469,32.54999923706055,32.880001068115234,33.83000183105469,19996200.0,32.16923522949219,23.65999984741211,3.049999952316284,3.2508,30.86289995173037
2017-10-25,33.86000061035156,33.06999969482422,33.630001068115234,33.54999923706055,16724100.0,31.90297508239746,23.780000686645508,2.9200000762939453,3.2519,30.86289995547779
2017-10-26,33.900001525878906,32.66999816894531,33.869998931884766,32.66999816894531,25302400.0,31.06617546081543,23.68000030517578,2.930000066757202,3.253,30.862899958489695
2017-10-27,32.869998931884766,32.029998779296875,32.290000915527344,32.54999923706055,17377200.0,30.952070236206055,23.68000030517578,3.009999990463257,3.2731,30.86289996091044
2017-10-30,32.93000030517578,31.84000015258789,32.189998626708984,32.349998474121094,19401600.0,30.761884689331055,23.59000015258789,3.0399999618530273,3.2599,30.862899962856062
2017-10-31,32.689998626708984,32.0099983215332,32.41999816894531,32.099998474121094,14629600.0,30.524158477783203,23.81999969482422,3.130000114440918,3.2705,30.862899964419814
2017-11-01,33.279998779296875,32.689998626708984,32.79999923706055,32.81999969482422,29709500.0,31.20881462097168,23.860000610351562,3.309999942779541,3.2697,30.862899965676643
2017-11-02,32.81999969482422,32.81999969482422,32.81999969482422,32.81999969482422,0.0,31.20881462097168,23.31999969482422,3.069999933242798,3.2671,30.86289996668679
2017-11-03,33.540000915527344,33.0,33.20000076293945,33.540000915527344,29217800.0,31.893470764160156,24.40999984741211,3.180000066757202,3.3075,30.862899967498677
2017-11-06,34.34000015258789,33.83000183105469,33.88999938964844,34.34000015258789,26333200.0,32.65419387817383,24.139999389648438,3.309999942779541,3.2782,30.862899968151208
2017-11-07,34.2400016784668,33.52000045776367,34.2400016784668,33.52000045776367,20239700.0,31.874448776245117,24.059999465942383,3.2300000190734863,3.2776,30.86289996867567
2017-11-08,33.95000076293945,33.45000076293945,33.810001373291016,33.939998626708984,11580800.0,32.273826599121094,23.920000076293945,3.180000066757202,3.256,30.86289996909719
2017-11-09,33.709999084472656,32.79999923706055,33.70000076293945,32.79999923706055,19246700.0,31.189794540405273,23.75,3.190000057220459,3.2513,30.86289996943598
2017-11-10,33.029998779296875,32.5,32.779998779296875,32.77000045776367,12199100.0,31.16126823425293,23.81999969482422,3.1600000858306885,3.2513,30.86289996970827
2017-11-13,33.439998626708984,32.59000015258789,32.84000015258789,33.13999938964844,12424700.0,31.513103485107422,23.6299991607666,3.2899999618530273,3.294,30.86289996992712
2017-11-14,33.099998474121094,31.940000534057617,33.02000045776367,32.15999984741211,23389800.0,30.581214904785156,23.239999771118164,3.200000047683716,3.3031,30.86289997010302
2017-11-15,32.15999984741211,32.15999984741211,32.15999984741211,32.15999984741211,0.0,30.581214904785156,22.8799991607666,3.1600000858306885,3.3132,30.86289997024439
2017-11-16,32.790000915527344,32.029998779296875,32.459999084472656,32.599998474121094,16280300.0,30.99961280822754,23.959999084472656,3.1500000953674316,3.2756,30.86289997035801
2017-11-17,33.16999816894531,32.31999969482422,32.59000015258789,32.91999816894531,13771300.0,31.303903579711914,23.90999984741211,3.109999895095825,3.2629,30.862899970449337
2017-11-20,32.91999816894531,32.91999816894531,32.91999816894531,32.91999816894531,0.0,31.303903579711914,24.239999771118164,3.069999933242798,3.2573,30.862899970522736
2017-11-21,34.04999923706055,33.150001525878906,33.290000915527344,34.04999923706055,23741300.0,32.37843322753906,24.489999771118164,3.0299999713897705,3.2447,30.862899970581726
2017-11-22,34.970001220703125,34.279998779296875,34.400001525878906,34.7400016784668,22150200.0,33.03456115722656,23.959999084472656,3.0899999141693115,3.2347,30.862899970629144
2017-11-23,35.349998474121094,34.56999969482422,34.83000183105469,35.20000076293945,11962000.0,33.47197341918945,23.959999084472656,3.0899999141693115,3.2347,30.86289997066725
2017-11-24,35.849998474121094,35.11000061035156,35.18000030517578,35.790000915527344,30784900.0,34.03301239013672,24.299999237060547,3.069999933242798,3.2227,30.86289997069788
2017-11-27,35.779998779296875,35.08000183105469,35.459999084472656,35.40999984741211,15112700.0,33.67166519165039,24.350000381469727,3.0199999809265137,3.2247,30.8628999707225
2017-11-28,36.650001525878906,35.25,35.45000076293945,36.25,28591400.0,34.470428466796875,25.09000015258789,3.0399999618530273,3.2055,30.862899970742284
2017-11-29,36.58000183105469,35.630001068115234,36.279998779296875,35.70000076293945,18176000.0,33.94742965698242,24.3799991607666,3.0999999046325684,3.2285,30.862899970758185
2017-11-30,36.08000183105469,34.93000030517578,35.70000076293945,35.13999938964844,25417200.0,33.414920806884766,25.350000381469727,3.140000104904175,3.2843,30.862899970770965
2017-12-01,35.970001220703125,34.88999938964844,35.20000076293945,35.47999954223633,17204100.0,33.73823165893555,25.049999237060547,3.490000009536743,3.2577,30.86289997078124
2017-12-04,36.97999954223633,35.849998474121094,35.959999084472656,36.83000183105469,22600100.0,35.02195739746094,24.329999923706055,3.369999885559082,3.2498,30.862899970789492
2017-12-05,37.400001525878906,36.02000045776367,36.810001373291016,36.02000045776367,25898800.0,34.25172424316406,24.020000457763672,3.4200000762939453,3.2338,30.86289997079613
2017-12-06,35.9900016784668,35.36000061035156,35.58000183105469,35.7599983215332,20400800.0,34.00448226928711,23.700000762939453,3.049999952316284,3.2394,30.862899970801465
2017-12-07,35.5,34.900001525878906,35.04999923706055,35.34000015258789,19876200.0,33.6051025390625,23.670000076293945,3.0799999237060547,3.2993,30.86289997080575
2017-12-08,35.95000076293945,35.459999084472656,35.810001373291016,35.47999954223633,21502200.0,33.73823165893555,23.649999618530273,3.059999942779541,3.3075,30.862899970809192
2017-12-11,36.0,35.47999954223633,35.83000183105469,35.7599983215332,14785300.0,34.00448226928711,23.389999389648438,3.049999952316284,3.2883,30.862899970811963
2017-12-12,36.18000030517578,35.220001220703125,35.630001068115234,36.18000030517578,17624400.0,34.403865814208984,23.40999984741211,3.009999990463257,3.3298,30.862899970814187
2017-12-13,36.47999954223633,36.04999923706055,36.43000030517578,36.11000061035156,21135300.0,34.337303161621094,23.399999618530273,2.9100000858306885,3.3049,30.862899970815977
2017-12-14,36.58000183105469,35.790000915527344,35.90999984741211,36.2400016784668,17718000.0,34.46092224121094,23.329999923706055,2.7799999713897705,3.3396,30.862899970817416
2017-12-15,37.279998779296875,36.36000061035156,36.5099983215332,36.88999938964844,32954100.0,35.079010009765625,23.950000762939453,2.5999999046325684,3.3166,30.862899970818567
2017-12-18,38.02000045776367,37.34000015258789,37.4900016784668,37.84000015258789,24339300.0,35.98237609863281,24.239999771118164,2.7899999618530273,3.2821,30.862899970819498
2017-12-19,38.099998474121094,37.63999938964844,37.709999084472656,37.849998474121094,14041000.0,35.99188232421875,24.040000915527344,2.7100000381469727,3.3008,30.862899970820244
2017-12-20,39.209999084472656,37.970001220703125,37.970001220703125,39.150001525878906,19218100.0,37.22806167602539,24.010000228881836,2.8299999237060547,3.2907,30.862899970820845
2017-12-21,39.72999954223633,39.08000183105469,39.099998474121094,39.72999954223633,11772500.0,37.77959060668945,23.520000457763672,3.0799999237060547,3.3065,30.862899970821328
2017-12-22,39.83000183105469,39.220001220703125,39.34000015258789,39.790000915527344,10140000.0,38.24081802368164,23.510000228881836,3.0399999618530273,3.3209,30.862899970821715
2017-12-25,39.790000915527344,39.790000915527344,39.790000915527344,39.790000915527344,0.0,38.24081802368164,23.510000228881836,3.0399999618530273,3.3209,30.862899970822028
2017-12-26,40.0,39.02000045776367,39.61000061035156,39.849998474121094,9986600.0,38.29848098754883,23.559999465942383,3.299999952316284,3.3173,30.862899970822276
2017-12-27,40.209999084472656,39.630001068115234,39.79999923706055,39.86000061035156,9943000.0,38.3080940246582,23.579999923706055,3.319999933242798,3.3016,30.86289997082248
2017-12-28,40.2599983215332,39.93000030517578,40.0099983215332,40.2599983215332,9963300.0,38.6925163269043,23.559999465942383,3.3299999237060547,3.3005,30.86289997082264
2017-12-29,40.2599983215332,40.2599983215332,40.2599983215332,40.2599983215332,0.0,38.6925163269043,23.59000015258789,3.309999942779541,3.3121,30.86289997082277
2018-01-01,40.2599983215332,40.2599983215332,40.2599983215332,40.2599983215332,0.0,38.6925163269043,23.59000015258789,3.309999942779541,3.3121,30.86289997082277
2018-01-02,41.7400016784668,40.439998626708984,40.439998626708984,41.720001220703125,14156500.0,40.09567642211914,23.799999237060547,3.7200000286102295,3.262,30.862899970822873
2018-01-03,41.880001068115234,41.29999923706055,41.83000183105469,41.470001220703125,12744200.0,39.855411529541016,23.850000381469727,4.159999847412109,3.2422,30.86289997082296
2018-01-04,42.369998931884766,41.52000045776367,41.810001373291016,41.63999938964844,18433000.0,40.0187873840332,23.959999084472656,4.239999771118164,3.2274,30.862899970823026
2018-01-05,42.290000915527344,41.310001373291016,41.56999969482422,42.290000915527344,15251300.0,40.64348602294922,24.34000015258789,4.360000133514404,3.2285,30.862899970823076
2018-01-08,43.22999954223633,42.400001525878906,42.400001525878906,43.22999954223633,14542800.0,41.54688262939453,24.860000610351562,4.460000038146973,3.2308,30.862899970823122
2018-01-09,43.75,42.93000030517578,43.58000183105469,43.06999969482422,15986200.0,41.39311218261719,24.59000015258789,4.309999942779541,3.2491,30.862899970823158
2018-01-10,42.95000076293945,42.41999816894531,42.7400016784668,42.470001220703125,12149500.0,40.81647872924805,24.1299991607666,4.360000133514404,3.2363,30.862899970823186
2018-01-11,43.29999923706055,42.599998474121094,42.599998474121094,43.29999923706055,10236300.0,41.614158630371094,24.110000610351562,4.800000190734863,3.2254,30.862899970823207
2018-01-12,43.65999984741211,42.75,42.95000076293945,43.54999923706055,15014300.0,41.854427337646484,23.90999984741211,4.880000114440918,3.2162,30.86289997082323
2018-01-15,43.720001220703125,43.27000045776367,43.5,43.470001220703125,7253400.0,41.77754211425781,23.90999984741211,4.880000114440918,3.2162,30.862899970823243
2018-01-16,43.13999938964844,42.29999923706055,42.97999954223633,42.29999923706055,20121900.0,40.65309143066406,23.420000076293945,4.869999885559082,3.2274,30.862899970823253
2018-01-17,43.220001220703125,42.36000061035156,42.400001525878906,43.150001525878906,16490700.0,41.470001220703125,23.540000915527344,4.71999979019165,3.2215,30.86289997082326
2018-01-18,43.61000061035156,42.68000030517578,43.5,42.86000061035156,10772100.0,41.191287994384766,23.3700008392334,4.539999961853027,3.2169,30.862899970823268
2018-01-19,43.400001525878906,42.599998474121094,43.20000076293945,42.880001068115234,11173100.0,41.210514068603516,24.09000015258789,4.539999961853027,3.205,30.862899970823275
2018-01-22,43.15999984741211,42.220001220703125,43.099998474121094,42.650001525878906,11580900.0,40.989471435546875,23.860000610351562,4.769999980926514,3.2024,30.862899970823282
2018-01-23,42.11000061035156,40.810001373291016,41.9900016784668,40.93000030517578,22075600.0,39.33643341064453,23.8799991607666,4.829999923706055,3.2312,30.862899970823285
2018-01-24,42.130001068115234,41.13999938964844,41.209999084472656,41.779998779296875,22096600.0,40.15333938598633,24.170000076293945,4.800000190734863,3.1938,30.86289997082329
2018-01-25,41.779998779296875,41.779998779296875,41.779998779296875,41.779998779296875,0.0,40.15333938598633,24.510000228881836,5.03000020980835,3.147,30.862899970823293
2018-01-26,41.880001068115234,40.709999084472656,41.849998474121094,41.43000030517578,19259500.0,39.81696701049805,24.489999771118164,5.170000076293945,3.1499,30.862899970823293
2018-01-29,42.2400016784668,41.040000915527344,41.099998474121094,41.88999938964844,16752900.0,40.259056091308594,24.0,5.099999904632568,3.1634,30.862899970823296
2018-01-30,41.959999084472656,41.22999954223633,41.70000076293945,41.470001220703125,13180300.0,39.855411529541016,23.719999313354492,4.690000057220459,3.1874,30.862899970823296
2018-01-31,42.68000030517578,41.45000076293945,41.75,41.45000076293945,22859700.0,39.83618927001953,23.520000457763672,4.840000152587891,3.1782,30.8628999708233
2018-02-01,42.470001220703125,41.56999969482422,41.599998474121094,41.790000915527344,21949700.0,40.1629524230957,23.360000610351562,4.869999885559082,3.1718,30.8628999708233
2018-02-02,41.650001525878906,40.75,41.650001525878906,40.79999923706055,17892300.0,39.21149444580078,22.59000015258789,4.349999904632568,3.2205,30.8628999708233
2018-02-05,42.040000915527344,40.33000183105469,40.599998474121094,40.349998474121094,22452800.0,38.77901077270508,21.520000457763672,4.300000190734863,3.2365,30.8628999708233
2018-02-06,42.470001220703125,39.93000030517578,40.0099983215332,42.470001220703125,26037000.0,40.81647872924805,21.65999984741211,4.210000038146973,3.2535,30.8628999708233
2018-02-07,42.720001220703125,41.70000076293945,42.43000030517578,41.709999084472656,20560700.0,40.086063385009766,21.610000610351562,4.099999904632568,3.262,30.8628999708233
2018-02-08,42.130001068115234,41.06999969482422,41.689998626708984,41.59000015258789,18928800.0,39.97073745727539,20.850000381469727,3.809999942779541,3.2895,30.8628999708233
2018-02-09,42.400001525878906,41.029998779296875,41.400001525878906,42.0,22760500.0,40.36477279663086,20.920000076293945,3.559999942779541,3.3083,30.8628999708233
2018-02-12,42.400001525878906,41.029998779296875,41.400001525878906,42.0,22760500.0,40.36477279663086,21.350000381469727,3.990000009536743,3.2949,30.8628999708233
2018-02-13,42.400001525878906,41.029998779296875,41.400001525878906,42.0,22760500.0,40.36477279663086,20.959999084472656,3.75,3.2947,30.8628999708233
2018-02-14,44.54999923706055,43.2599983215332,43.400001525878906,44.5099983215332,25905800.0,42.77705001831055,21.260000228881836,3.9600000381469727,3.2551,30.8628999708233
2018-02-15,45.959999084472656,44.95000076293945,45.0099983215332,45.95000076293945,31043100.0,44.160987854003906,21.700000762939453,3.859999895095825,3.2318,30.8628999708233
2018-02-16,46.189998626708984,45.470001220703125,45.81999969482422,46.029998779296875,21107300.0,44.23786926269531,21.700000762939453,3.890000104904175,3.2219,30.8628999708233
2018-02-19,46.79999923706055,45.959999084472656,46.099998474121094,46.45000076293945,12756100.0,44.64152145385742,21.700000762939453,3.890000104904175,3.2219,30.8628999708233
2018-02-20,46.45000076293945,45.2400016784668,46.04999923706055,45.5099983215332,18417600.0,43.73811340332031,21.90999984741211,3.9000000953674316,3.2434,30.8628999708233
2018-02-21,45.959999084472656,44.709999084472656,45.5099983215332,44.79999923706055,24312600.0,43.05575942993164,22.010000228881836,3.819999933242798,3.2581,30.8628999708233
2018-02-22,45.68000030517578,45.119998931884766,45.22999954223633,45.66999816894531,14081800.0,43.891883850097656,22.190000534057617,4.070000171661377,3.2579,30.8628999708233
2018-02-23,46.40999984741211,45.650001525878906,46.0,46.08000183105469,17489800.0,44.285926818847656,22.549999237060547,4.0,3.2344,30.8628999708233
2018-02-26,47.400001525878906,46.689998626708984,46.7400016784668,47.400001525878906,20374600.0,45.554534912109375,22.469999313354492,4.150000095367432,3.2381,30.8628999708233
2018-02-27,47.599998474121094,46.709999084472656,47.470001220703125,47.33000183105469,15063400.0,45.48725891113281,22.079999923706055,4.090000152587891,3.2472,30.8628999708233
2018-02-28,47.09000015258789,44.650001525878906,46.9900016784668,45.04999923706055,39459100.0,43.296024322509766,21.389999389648438,3.890000104904175,3.2428,30.8628999708233
2018-03-01,45.630001068115234,43.970001220703125,45.209999084472656,44.45000076293945,25776000.0,42.71938705444336,22.829999923706055,3.559999942779541,3.2421,30.8628999708233
2018-03-02,43.880001068115234,42.7400016784668,43.79999923706055,43.75,25236200.0,42.04663848876953,23.459999084472656,3.8299999237060547,3.2513,30.8628999708233
2018-03-05,43.939998626708984,42.880001068115234,43.47999954223633,43.70000076293945,16100600.0,41.99858474731445,23.790000915527344,3.940000057220459,3.2527,30.8628999708233
2018-03-06,44.91999816894531,43.41999816894531,44.5,43.4900016784668,22342000.0,41.7967643737793,24.190000534057617,3.880000114440918,3.2191,30.8628999708233
2018-03-07,43.02000045776367,42.20000076293945,42.5099983215332,42.849998474121094,19334700.0,41.64951705932617,24.280000686645508,3.7100000381469727,3.2364,30.8628999708233
2018-03-08,42.790000915527344,41.25,42.68000030517578,41.459999084472656,19983100.0,40.298458099365234,24.020000457763672,3.630000114440918,3.262,30.8628999708233
2018-03-09,42.27000045776367,40.5099983215332,40.970001220703125,42.099998474121094,21077800.0,40.920528411865234,24.65999984741211,3.700000047683716,3.2469,30.8628999708233
2018-03-12,42.630001068115234,41.939998626708984,42.290000915527344,42.459999084472656,11838200.0,41.270442962646484,24.239999771118164,3.7799999713897705,3.2609,30.8628999708233
2018-03-13,42.79999923706055,42.04999923706055,42.7400016784668,42.130001068115234,13838900.0,40.94969177246094,24.010000228881836,3.9100000858306885,3.2483,30.8628999708233
2018-03-14,43.34000015258789,42.56999969482422,42.849998474121094,42.599998474121094,17936000.0,41.40652084350586,23.809999465942383,4.050000190734863,3.2641,30.8628999708233
2018-03-15,42.81999969482422,42.130001068115234,42.70000076293945,42.400001525878906,16039100.0,41.212127685546875,23.530000686645508,3.890000104904175,3.2841,30.8628999708233
2018-03-16,42.599998474121094,42.04999923706055,42.400001525878906,42.29999923706055,26802000.0,41.114925384521484,23.700000762939453,4.050000190734863,3.2897,30.8628999708233
2018-03-19,41.52000045776367,40.66999816894531,41.52000045776367,41.099998474121094,21861500.0,39.948543548583984,23.149999618530273,4.010000228881836,3.2873,30.8628999708233
2018-03-20,41.91999816894531,40.93000030517578,41.099998474121094,41.599998474121094,9322500.0,40.43453598022461,22.950000762939453,4.059999942779541,3.295,30.8628999708233
2018-03-21,42.689998626708984,41.43000030517578,41.75,42.5,19798000.0,41.309322357177734,23.3799991607666,4.329999923706055,3.2865,30.8628999708233
2018-03-22,42.25,41.619998931884766,41.939998626708984,41.93000030517578,15229500.0,40.75529479980469,23.25,4.289999961853027,3.3034,30.8628999708233
2018-03-23,42.20000076293945,41.0099983215332,41.2400016784668,41.599998474121094,14983200.0,40.43453598022461,23.25,4.380000114440918,3.3125,30.8628999708233
2018-03-26,42.380001068115234,41.61000061035156,42.0,42.0,9850900.0,40.82332992553711,23.8700008392334,4.539999961853027,3.3043,30.8628999708233
2018-03-27,42.38999938964844,40.720001220703125,42.38999938964844,40.86000061035156,11659800.0,39.71527099609375,23.40999984741211,4.25,3.3263,30.8628999708233
2018-03-28,41.70000076293945,40.060001373291016,40.61000061035156,41.540000915527344,19038400.0,40.376220703125,23.149999618530273,4.309999942779541,3.3369999999999997,30.8628999708233
2018-03-29,42.75,41.7400016784668,41.869998931884766,42.209999084472656,20347700.0,41.02744674682617,23.219999313354492,4.429999828338623,3.3229,30.8628999708233
2018-03-30,42.75,41.7400016784668,41.869998931884766,42.209999084472656,20347700.0,41.02744674682617,23.219999313354492,4.429999828338623,3.3045,30.8628999708233
2018-04-02,43.470001220703125,42.31999969482422,42.31999969482422,43.0,18944000.0,41.79531478881836,22.520000457763672,4.159999847412109,3.3149,30.8628999708233
2018-04-03,43.54999923706055,42.439998626708984,43.400001525878906,42.869998931884766,13693900.0,41.6689567565918,22.969999313354492,4.230000019073486,3.3222,30.8628999708233
2018-04-04,42.599998474121094,41.59000015258789,41.79999923706055,42.54999923706055,12440000.0,41.3579216003418,23.270000457763672,4.380000114440918,3.3474,30.8628999708233
2018-04-05,43.689998626708984,43.029998779296875,43.310001373291016,43.25,14686600.0,42.03831100463867,23.81999969482422,4.489999771118164,3.3212,30.8628999708233
2018-04-06,43.099998474121094,42.25,42.90999984741211,42.7400016784668,11282700.0,41.5426025390625,23.510000228881836,4.329999923706055,3.3702,30.8628999708233
2018-04-09,43.22999954223633,42.209999084472656,43.06999969482422,42.95000076293945,11918100.0,41.7467155456543,23.31999969482422,4.25,3.395,30.8628999708233
2018-04-10,44.84000015258789,43.66999816894531,43.79999923706055,44.84000015258789,22479700.0,43.58376693725586,23.979999542236328,4.610000133514404,3.4146,30.8628999708233
2018-04-11,45.060001373291016,44.220001220703125,44.560001373291016,44.63999938964844,17709600.0,43.38936996459961,23.989999771118164,4.960000038146973,3.3955,30.8628999708233
2018-04-12,44.86000061035156,44.31999969482422,44.41999816894531,44.810001373291016,9812400.0,43.55460739135742,23.84000015258789,4.920000076293945,3.3902,30.8628999708233
2018-04-13,45.16999816894531,44.599998474121094,44.849998474121094,44.97999954223633,15483300.0,43.719844818115234,23.739999771118164,4.960000038146973,3.4088,30.8628999708233
2018-04-16,44.849998474121094,44.310001373291016,44.61000061035156,44.540000915527344,11434200.0,43.292171478271484,24.309999465942383,4.800000190734863,3.4282,30.8628999708233
2018-04-17,46.0,44.560001373291016,44.599998474121094,45.93000030517578,13348000.0,44.64323043823242,24.399999618530273,5.150000095367432,3.4022,30.8628999708233
2018-04-18,48.08000183105469,46.849998474121094,47.0,47.47999954223633,27655600.0,46.149803161621094,24.450000762939453,5.889999866485596,3.3844,30.8628999708233
2018-04-19,48.16999816894531,47.400001525878906,47.779998779296875,47.83000183105469,16092700.0,46.4900016784668,24.280000686645508,5.900000095367432,3.4028,30.8628999708233
2018-04-20,47.900001525878906,47.33000183105469,47.7599983215332,47.630001068115234,10188600.0,46.29560470581055,24.149999618530273,5.579999923706055,3.4121,30.8628999708233
2018-04-23,47.97999954223633,47.060001373291016,47.220001220703125,47.5,11785300.0,46.16924285888672,24.18000030517578,5.909999847412109,3.4463,30.8628999708233
2018-04-24,48.59000015258789,47.70000076293945,47.70000076293945,48.310001373291016,15113400.0,46.9565544128418,23.649999618530273,5.690000057220459,3.4685,30.8628999708233
2018-04-25,48.4900016784668,47.439998626708984,47.75,47.95000076293945,15525500.0,46.60663604736328,23.790000915527344,5.800000190734863,3.509,30.8628999708233
2018-04-26,49.0,47.619998931884766,47.70000076293945,48.70000076293945,13273500.0,47.33562469482422,23.43000030517578,5.949999809265137,3.4992,30.8628999708233
2018-04-27,49.150001525878906,47.86000061035156,48.900001525878906,48.349998474121094,14624200.0,46.99542999267578,22.81999969482422,5.889999866485596,3.4685,30.8628999708233
2018-04-30,48.83000183105469,48.150001525878906,48.2599983215332,48.66999816894531,8464400.0,47.30646514892578,22.010000228881836,6.099999904632568,3.4854,30.8628999708233
2018-05-01,48.83000183105469,48.150001525878906,48.2599983215332,48.66999816894531,8464400.0,47.30646514892578,21.450000762939453,6.300000190734863,3.5069999999999997,30.8628999708233
2018-05-02,49.31999969482422,48.41999816894531,48.5,48.709999084472656,16526500.0,47.34534454345703,21.969999313354492,6.739999771118164,3.5404,30.8628999708233
2018-05-03,49.33000183105469,48.58000183105469,48.810001373291016,49.09000015258789,14025900.0,47.714698791503906,21.760000228881836,6.380000114440918,3.5496,30.8628999708233
2018-05-04,49.900001525878906,48.91999816894531,48.91999816894531,49.70000076293945,14861100.0,48.30760955810547,21.84000015258789,6.639999866485596,3.5213,30.8628999708233
2018-05-07,50.040000915527344,49.11000061035156,49.720001220703125,49.2400016784668,15433900.0,47.860496520996094,21.850000381469727,6.960000038146973,3.5543,30.8628999708233
2018-05-08,49.68000030517578,48.90999984741211,49.25,49.189998626708984,22420400.0,47.81189727783203,21.799999237060547,7.21999979019165,3.585,30.8628999708233
2018-05-09,50.41999816894531,49.33000183105469,49.41999816894531,50.25,16776100.0,48.842201232910156,21.81999969482422,7.400000095367432,3.5965,30.8628999708233
2018-05-10,51.400001525878906,50.380001068115234,50.40999984741211,51.400001525878906,14314200.0,49.959983825683594,21.559999465942383,7.460000038146973,3.5554,30.8628999708233
2018-05-11,53.58000183105469,51.75,51.77000045776367,52.630001068115234,21432500.0,51.15552520751953,21.299999237060547,7.829999923706055,3.5879,30.8628999708233
2018-05-14,54.400001525878906,53.0,53.08000183105469,54.27000045776367,15847800.0,52.749576568603516,20.889999389648438,7.929999828338623,3.6212,30.8628999708233
2018-05-15,54.650001525878906,53.18000030517578,53.810001373291016,54.650001525878906,15954500.0,53.11893081665039,20.920000076293945,7.849999904632568,3.6659,30.8628999708233
2018-05-16,56.0,55.13999938964844,55.33000183105469,55.900001525878906,20944200.0,54.33391189575195,21.420000076293945,7.840000152587891,3.68,30.8628999708233
2018-05-17,55.79999923706055,54.75,55.29999923706055,55.380001068115234,20241200.0,53.8284797668457,21.479999542236328,8.270000457763672,3.7073,30.8628999708233
2018-05-18,55.5,53.45000076293945,54.70000076293945,54.77000045776367,22361100.0,53.23556900024414,21.389999389648438,8.220000267028809,3.7438,30.8628999708233
2018-05-21,55.099998474121094,53.0,55.0099983215332,53.0,22608800.0,51.51515579223633,21.450000762939453,8.680000305175781,3.7096,30.8628999708233
2018-05-22,53.060001373291016,51.869998931884766,52.869998931884766,52.34000015258789,20491700.0,50.8736457824707,21.100000381469727,8.34000015258789,3.6367,30.8628999708233
2018-05-23,52.2400016784668,51.25,51.79999923706055,51.939998626708984,15703000.0,50.4848518371582,20.899999618530273,7.71999979019165,3.6411,30.8628999708233
2018-05-24,53.0,51.2599983215332,51.31999969482422,52.459999084472656,14500200.0,50.99028396606445,20.790000915527344,7.429999828338623,3.6402,30.8628999708233
2018-05-25,52.790000915527344,51.04999923706055,52.58000183105469,51.47999954223633,13141500.0,50.03773880004883,20.700000762939453,6.590000152587891,3.6586,30.8628999708233
2018-05-28,52.459999084472656,50.709999084472656,50.900001525878906,51.06999969482422,13832600.0,49.63922882080078,20.700000762939453,6.590000152587891,3.6586,30.8628999708233
2018-05-29,52.060001373291016,49.9900016784668,51.970001220703125,50.15999984741211,18697800.0,48.754722595214844,20.5,6.659999847412109,3.7283,30.8628999708233
2018-05-30,51.349998474121094,49.70000076293945,50.209999084472656,50.630001068115234,25861400.0,49.21155548095703,20.639999389648438,6.920000076293945,3.7389,30.8628999708233
2018-05-31,51.349998474121094,49.70000076293945,50.209999084472656,50.630001068115234,25861400.0,49.21155548095703,20.459999084472656,6.849999904632568,3.7262,30.8628999708233
2018-06-01,53.08000183105469,50.650001525878906,50.900001525878906,52.7599983215332,20424100.0,51.28187942504883,20.770000457763672,6.71999979019165,3.755,30.8628999708233
2018-06-04,53.45000076293945,51.7599983215332,53.18000030517578,52.52000045776367,13964100.0,51.04860305786133,20.969999313354492,6.380000114440918,3.7446,30.8628999708233
2018-06-05,54.0,52.5,52.5,53.72999954223633,16988600.0,52.22470474243164,20.8700008392334,6.579999923706055,3.778,30.8628999708233
2018-06-06,56.22999954223633,54.4900016784668,54.5,56.06999969482422,26835500.0,54.499149322509766,21.1200008392334,6.5,3.8178,30.8628999708233
2018-06-07,56.75,53.06999969482422,56.459999084472656,54.369998931884766,32389900.0,52.84677505493164,20.860000610351562,6.710000038146973,3.9294,30.8628999708233
2018-06-08,53.9900016784668,50.65999984741211,53.9900016784668,50.88999938964844,30421100.0,49.464271545410156,21.18000030517578,6.53000020980835,3.7429,30.8628999708233
2018-06-11,52.0,50.59000015258789,51.369998931884766,50.849998474121094,14362000.0,49.42538833618164,21.6200008392334,6.690000057220459,3.6839,30.8628999708233
2018-06-12,52.36000061035156,50.15999984741211,50.5,51.70000076293945,18403200.0,50.25157928466797,21.469999313354492,6.550000190734863,3.6745,30.8628999708233
2018-06-13,52.2400016784668,50.72999954223633,51.97999954223633,51.54999923706055,15599000.0,50.105777740478516,21.59000015258789,6.440000057220459,3.7116,30.8628999708233
2018-06-14,51.88999938964844,50.75,51.869998931884766,51.709999084472656,18827200.0,50.261295318603516,21.579999923706055,6.909999847412109,3.7018,30.8628999708233
2018-06-15,51.439998626708984,48.70000076293945,51.400001525878906,49.130001068115234,36611400.0,47.753578186035156,21.56999969482422,6.800000190734863,3.7511,30.8628999708233
2018-06-18,49.290000915527344,47.86000061035156,48.619998931884766,49.209999084472656,20490400.0,47.831336975097656,21.5,7.21999979019165,3.7537,30.8628999708233
2018-06-19,48.75,47.029998779296875,47.70000076293945,48.29999923706055,26764800.0,46.94683074951172,21.15999984741211,7.380000114440918,3.7306,30.8628999708233
2018-06-20,49.08000183105469,48.06999969482422,49.04999923706055,48.810001373291016,14448400.0,47.442543029785156,21.1299991607666,7.409999847412109,3.7349,30.8628999708233
2018-06-21,49.20000076293945,47.040000915527344,48.5099983215332,47.209999084472656,13952800.0,45.887367248535156,20.899999618530273,6.699999809265137,3.7992,30.8628999708233
2018-06-22,48.470001220703125,47.47999954223633,48.150001525878906,48.0099983215332,9632500.0,46.664955139160156,21.030000686645508,7.090000152587891,3.7708,30.8628999708233
2018-06-25,47.79999923706055,46.2599983215332,47.70000076293945,47.15999984741211,13800400.0,45.838768005371094,20.350000381469727,6.570000171661377,3.7776,30.8628999708233
2018-06-26,48.34000015258789,46.630001068115234,47.5,48.34000015258789,15460100.0,46.98571014404297,20.56999969482422,6.920000076293945,3.7705,30.8628999708233
2018-06-27,49.279998779296875,47.900001525878906,48.47999954223633,48.150001525878906,14471100.0,46.8010368347168,20.920000076293945,7.090000152587891,3.8537,30.8628999708233
2018-06-28,49.439998626708984,47.5,47.849998474121094,49.06999969482422,16298400.0,47.69525909423828,20.780000686645508,7.170000076293945,3.8543,30.8628999708233
2018-06-29,50.099998474121094,49.04999923706055,49.70000076293945,49.59000015258789,12248000.0,48.20069122314453,20.850000381469727,7.150000095367432,3.8561,30.8628999708233
2018-07-02,49.189998626708984,48.52000045776367,48.88999938964844,48.7599983215332,8222800.0,47.393943786621094,20.690000534057617,6.909999847412109,3.9135,30.8628999708233
2018-07-03,49.4900016784668,47.959999084472656,49.29999923706055,47.959999084472656,11486600.0,46.616355895996094,20.899999618530273,6.849999904632568,3.8789,30.8628999708233
2018-07-04,48.369998931884766,47.599998474121094,48.16999816894531,48.029998779296875,6147000.0,46.68439483642578,20.899999618530273,6.849999904632568,3.8789,30.8628999708233
2018-07-05,49.77000045776367,48.310001373291016,48.54999923706055,49.70000076293945,12179600.0,48.30760955810547,20.969999313354492,6.900000095367432,3.9242,30.8628999708233
2018-07-06,50.439998626708984,49.38999938964844,49.790000915527344,50.34000015258789,8582200.0,48.92967987060547,21.190000534057617,7.46999979019165,3.906,30.8628999708233
2018-07-09,50.439998626708984,49.38999938964844,49.790000915527344,50.34000015258789,8582200.0,48.92967987060547,21.309999465942383,8.020000457763672,3.8694,30.8628999708233
2018-07-10,51.099998474121094,49.349998474121094,50.70000076293945,49.529998779296875,10935700.0,48.142372131347656,21.3700008392334,8.399999618530273,3.826,30.8628999708233
2018-07-11,49.099998474121094,48.45000076293945,48.5,48.86000061035156,12912600.0,47.49114227294922,20.93000030517578,8.100000381469727,3.8624,30.8628999708233
2018-07-12,50.66999816894531,48.959999084472656,49.349998474121094,50.45000076293945,20765500.0,49.036598205566406,20.729999542236328,8.09000015258789,3.8478,30.8628999708233
2018-07-13,50.88999938964844,49.93000030517578,50.599998474121094,50.310001373291016,15555400.0,48.90052032470703,21.030000686645508,8.079999923706055,3.8659,30.8628999708233
2018-07-16,50.599998474121094,49.599998474121094,50.310001373291016,50.0,12550000.0,48.599205017089844,20.229999542236328,7.980000019073486,3.8534,30.8628999708233
2018-07-17,51.02000045776367,49.70000076293945,50.130001068115234,50.70000076293945,11553600.0,49.27959442138672,21.260000228881836,8.140000343322754,3.8626,30.8628999708233
2018-07-18,51.66999816894531,50.81999969482422,51.150001525878906,51.45000076293945,9762900.0,50.008583068847656,21.6200008392334,8.279999732971191,3.8412,30.8628999708233
2018-07-19,50.75,49.060001373291016,50.709999084472656,49.43000030517578,20977000.0,48.04517364501953,21.739999771118164,8.6899995803833,3.8808,30.8628999708233
2018-07-20,49.86000061035156,48.630001068115234,49.59000015258789,48.720001220703125,16788900.0,47.355064392089844,21.68000030517578,8.850000381469727,3.7801,30.8628999708233
2018-07-23,50.130001068115234,48.529998779296875,49.08000183105469,49.599998474121094,8554600.0,48.210411071777344,21.170000076293945,8.600000381469727,3.7965,30.8628999708233
2018-07-24,52.38999938964844,51.310001373291016,51.91999816894531,51.310001373291016,20910300.0,49.87250518798828,21.309999465942383,8.3100004196167,3.7381,30.8628999708233
2018-07-25,51.75,50.7400016784668,51.459999084472656,51.75,15263700.0,50.300174713134766,21.420000076293945,7.730000019073486,3.7075,30.8628999708233
2018-07-26,53.18000030517578,52.400001525878906,52.470001220703125,52.779998779296875,54299500.0,51.30131912231445,22.670000076293945,7.400000095367432,3.7285,30.8628999708233
2018-07-27,53.66999816894531,53.25,53.47999954223633,53.45000076293945,21543400.0,51.95254898071289,22.200000762939453,6.920000076293945,3.7134,30.8628999708233
2018-07-30,54.349998474121094,53.560001373291016,53.70000076293945,54.33000183105469,15527200.0,52.80789566040039,22.110000610351562,7.019999980926514,3.7228,30.8628999708233
2018-07-31,54.97999954223633,54.04999923706055,54.20000076293945,54.84000015258789,15921000.0,53.30360794067383,22.520000457763672,6.940000057220459,3.745,30.8628999708233
2018-08-01,53.77000045776367,53.02000045776367,53.400001525878906,53.060001373291016,36906000.0,51.57347869873047,22.709999084472656,6.78000020980835,3.753,30.8628999708233
2018-08-02,53.09000015258789,51.5,52.09000015258789,52.84000015258789,19796400.0,51.35963821411133,22.81999969482422,7.119999885559082,3.7555,30.8628999708233
2018-08-03,52.939998626708984,51.33000183105469,52.310001373291016,52.54999923706055,15607700.0,52.54999923706055,23.049999237060547,7.199999809265137,3.7133,30.8628999708233
2018-08-06,52.90999984741211,52.0,52.099998474121094,52.400001525878906,11904900.0,52.400001525878906,23.030000686645508,6.909999847412109,3.7208,30.8628999708233
2018-08-07,53.650001525878906,52.630001068115234,53.38999938964844,52.75,19065600.0,52.75,23.139999389648438,6.679999828338623,3.7128,30.8628999708233
2018-08-08,53.33000183105469,52.2599983215332,53.29999923706055,52.400001525878906,13076000.0,52.400001525878906,22.8700008392334,6.699999809265137,3.7442,30.8628999708233
2018-08-09,53.040000915527344,51.72999954223633,52.5,51.84000015258789,12752800.0,51.84000015258789,22.950000762939453,6.449999809265137,3.8164,30.8628999708233
2018-08-10,51.90999984741211,50.720001220703125,51.40999984741211,51.709999084472656,14630800.0,51.709999084472656,22.489999771118164,6.550000190734863,3.8539,30.8628999708233
2018-08-13,52.689998626708984,51.7400016784668,52.06999969482422,52.279998779296875,14720600.0,52.279998779296875,21.600000381469727,6.28000020980835,3.9123,30.8628999708233
2018-08-14,52.90999984741211,51.77000045776367,52.099998474121094,52.7599983215332,17475600.0,52.7599983215332,21.790000915527344,6.340000152587891,3.8852,30.8628999708233
2018-08-15,51.97999954223633,50.349998474121094,51.599998474121094,50.40999984741211,26625700.0,50.40999984741211,21.31999969482422,5.889999866485596,3.9135,30.8628999708233
2018-08-16,51.029998779296875,49.630001068115234,50.900001525878906,49.720001220703125,20125600.0,49.720001220703125,21.049999237060547,5.840000152587891,3.8985,30.8628999708233
2018-08-17,51.189998626708984,49.22999954223633,49.529998779296875,50.79999923706055,17343200.0,50.79999923706055,21.290000915527344,5.940000057220459,3.9385,30.8628999708233
2018-08-20,51.77000045776367,51.040000915527344,51.099998474121094,51.439998626708984,14783600.0,51.439998626708984,21.190000534057617,6.230000019073486,3.9473,30.8628999708233
2018-08-21,52.099998474121094,51.02000045776367,51.15999984741211,51.72999954223633,13378300.0,51.72999954223633,21.600000381469727,6.199999809265137,3.9948,30.8628999708233
2018-08-22,53.29999923706055,51.630001068115234,51.650001525878906,53.29999923706055,13073500.0,53.29999923706055,21.68000030517578,6.360000133514404,4.0751,30.8628999708233
2018-08-23,53.52000045776367,52.650001525878906,53.099998474121094,53.349998474121094,12263000.0,53.349998474121094,21.530000686645508,6.400000095367432,4.0898,30.8628999708233
2018-08-24,54.459999084472656,53.54999923706055,53.599998474121094,54.150001525878906,10971100.0,54.150001525878906,21.860000610351562,6.570000171661377,4.0944,30.8628999708233
2018-08-27,55.66999816894531,54.16999816894531,54.16999816894531,55.66999816894531,11205300.0,55.66999816894531,22.239999771118164,6.809999942779541,4.0707,30.8628999708233
2018-08-28,56.40999984741211,55.06999969482422,55.93000030517578,55.650001525878906,17875600.0,55.650001525878906,22.149999618530273,6.670000076293945,4.1248,30.8628999708233
2018-08-29,56.15999984741211,55.13999938964844,55.25,55.220001220703125,10292800.0,55.220001220703125,22.6200008392334,6.730000019073486,4.122,30.8628999708233
2018-08-30,55.88999938964844,54.400001525878906,55.29999923706055,54.56999969482422,14432500.0,54.56999969482422,22.15999984741211,6.900000095367432,4.2016,30.8628999708233
2018-08-31,54.79999923706055,53.310001373291016,54.52000045776367,53.619998931884766,15000000.0,53.619998931884766,21.950000762939453,6.769999980926514,4.128,30.8628999708233
2018-09-03,54.16999816894531,53.209999084472656,53.29999923706055,54.04999923706055,4356600.0,54.04999923706055,21.950000762939453,6.769999980926514,4.128,30.8628999708233
2018-09-04,53.790000915527344,52.0,53.599998474121094,52.0,10521800.0,52.0,21.610000610351562,6.900000095367432,4.156000000000001,30.8628999708233
2018-09-05,52.63999938964844,51.75,52.08000183105469,52.150001525878906,7100000.0,52.150001525878906,22.049999237060547,6.670000076293945,4.1589,30.8628999708233
2018-09-06,53.869998931884766,52.400001525878906,52.790000915527344,53.47999954223633,12479400.0,53.47999954223633,22.260000228881836,6.409999847412109,4.1462,30.8628999708233
2018-09-07,53.869998931884766,52.400001525878906,52.790000915527344,53.47999954223633,12479400.0,53.47999954223633,22.459999084472656,6.5,4.0594,30.8628999708233
2018-09-10,54.040000915527344,52.959999084472656,53.90999984741211,53.220001220703125,9341300.0,53.220001220703125,22.600000381469727,6.53000020980835,4.1094,30.8628999708233
2018-09-11,52.9900016784668,52.130001068115234,52.61000061035156,52.59000015258789,10347800.0,52.59000015258789,22.729999542236328,6.849999904632568,4.1564,30.8628999708233
2018-09-12,53.709999084472656,52.18000030517578,53.0,53.45000076293945,14230800.0,53.45000076293945,22.850000381469727,6.96999979019165,4.1363,30.8628999708233
2018-09-13,54.43000030517578,53.52000045776367,53.70000076293945,53.779998779296875,14353500.0,53.779998779296875,23.110000610351562,6.800000190734863,4.1752,30.8628999708233
2018-09-14,55.22999954223633,54.04999923706055,54.099998474121094,55.20000076293945,17021500.0,55.20000076293945,23.1299991607666,6.869999885559082,4.1852,30.8628999708233
2018-09-17,55.56999969482422,54.790000915527344,55.29999923706055,55.040000915527344,12096900.0,55.040000915527344,23.229999542236328,6.900000095367432,4.1718,30.8628999708233
2018-09-18,57.470001220703125,55.5099983215332,55.630001068115234,57.34000015258789,20647900.0,57.34000015258789,23.139999389648438,6.980000019073486,4.1277,30.8628999708233
2018-09-19,58.939998626708984,57.529998779296875,57.61000061035156,58.58000183105469,12451900.0,58.58000183105469,23.18000030517578,7.53000020980835,4.1160000000000005,30.8628999708233
2018-09-20,59.61000061035156,58.43000030517578,59.209999084472656,59.31999969482422,11264600.0,59.31999969482422,23.5,7.590000152587891,4.0834,30.8628999708233
2018-09-21,61.0099983215332,59.599998474121094,59.88999938964844,61.0099983215332,23057600.0,61.0099983215332,23.81999969482422,7.71999979019165,4.0536,30.8628999708233
2018-09-24,61.25,60.150001525878906,60.849998474121094,60.20000076293945,9008600.0,60.20000076293945,23.420000076293945,8.100000381469727,4.0733,30.8628999708233
2018-09-25,62.220001220703125,59.86000061035156,60.0,62.20000076293945,16840000.0,62.20000076293945,23.530000686645508,8.880000114440918,4.1186,30.8628999708233
2018-09-26,62.41999816894531,59.75,62.20000076293945,60.0099983215332,24600600.0,60.0099983215332,23.43000030517578,8.979999542236328,4.0425,30.8628999708233
2018-09-27,60.75,58.61000061035156,60.220001220703125,59.47999954223633,20631400.0,59.47999954223633,23.420000076293945,9.09000015258789,3.9968,30.8628999708233
2018-09-28,60.290000915527344,58.849998474121094,58.849998474121094,59.81999969482422,14753000.0,59.81999969482422,23.219999313354492,9.640000343322754,3.9995,30.8628999708233
2018-10-01,60.56999969482422,59.08000183105469,59.68000030517578,60.400001525878906,8976500.0,60.400001525878906,23.170000076293945,9.84000015258789,4.0059,30.8628999708233
2018-10-02,61.7400016784668,60.47999954223633,60.869998931884766,61.20000076293945,20530200.0,61.20000076293945,22.90999984741211,9.170000076293945,3.9223,30.8628999708233
2018-10-03,61.7400016784668,60.47999954223633,60.869998931884766,61.20000076293945,20530200.0,61.20000076293945,23.010000228881836,9.609999656677246,3.8806,30.8628999708233
2018-10-04,60.34000015258789,58.66999816894531,59.9900016784668,58.79999923706055,14396500.0,58.79999923706055,22.860000610351562,9.1899995803833,3.9229,30.8628999708233
2018-10-05,58.310001373291016,57.22999954223633,57.849998474121094,57.4900016784668,20202600.0,57.4900016784668,22.65999984741211,9.09000015258789,3.8808,30.8628999708233
2018-10-08,58.310001373291016,57.22999954223633,57.849998474121094,57.4900016784668,20202600.0,57.4900016784668,22.59000015258789,8.430000305175781,3.8808,30.8628999708233
2018-10-09,58.310001373291016,57.22999954223633,57.849998474121094,57.4900016784668,20202600.0,57.4900016784668,21.75,8.40999984741211,3.7319999999999998,30.8628999708233
2018-10-10,58.13999938964844,55.88999938964844,57.380001068115234,55.88999938964844,14135900.0,55.88999938964844,20.549999237060547,7.78000020980835,3.7594,30.8628999708233
2018-10-11,57.15999984741211,55.619998931884766,56.439998626708984,56.47999954223633,15976400.0,56.47999954223633,19.34000015258789,7.269999980926514,3.7591,30.8628999708233
2018-10-12,57.15999984741211,55.619998931884766,56.439998626708984,56.47999954223633,15976400.0,56.47999954223633,18.600000381469727,7.380000114440918,3.7825,30.8628999708233
2018-10-15,58.45000076293945,56.84000015258789,56.95000076293945,57.66999816894531,16290900.0,57.66999816894531,18.219999313354492,7.690000057220459,3.7825,30.8628999708233
2018-10-16,58.849998474121094,57.25,57.939998626708984,57.70000076293945,15825800.0,57.70000076293945,18.399999618530273,8.09000015258789,3.7825,30.8628999708233
2018-10-17,58.91999816894531,57.75,58.34000015258789,58.79999923706055,21832000.0,58.79999923706055,18.299999237060547,7.880000114440918,3.7825,30.8628999708233
2018-10-18,58.849998474121094,56.31999969482422,58.849998474121094,56.5,17237800.0,56.5,17.690000534057617,7.639999866485596,3.7825,30.8628999708233
2018-10-19,57.529998779296875,56.36000061035156,57.099998474121094,56.529998779296875,13429700.0,56.529998779296875,17.31999969482422,7.739999771118164,3.7825,30.8628999708233
